Отметка времени,Экран,Первый раздел,Второй раздел,Третий Раздел,Четвертый Раздел,Номер слайда,Название слайда,Сопроводительный текст,"Вложения (картинки, инфографики, видео)",Фамилия исполнителя,Первый раздел,Второй раздел,Третий раздел,Номер слайда,Название слайда,Сопроводительный текст,"Вложения (Картинки, Инфографики, Видео)",Фамилия исполнителя,Первый раздел,Второй раздел,Третий раздел,Номер слайда,Название слайда,Сопроводительный текст,"Вложения (Картинки, Инфографики, Видео)",Фамилия исполнителя,Первый раздел,Второй раздел,Номер слайда,Название слайда,Сопроводительный текст,"Вложения (Картинки, Инфографики, Видео)",Фамилия исполнителя
6.12.2018 22:33:29,ПАРТИЯ «НҰР ОТАН»,ПРОЕКТЫ ПАРТИИ,СТРАТЕГИЧЕСКИЕ ПРОЕКТЫ,ПРОЕКТЫ ПО ПОДДЕРЖКИ МСБ,Нет,1,Поддержка Малого Бизнеса,"Тут идет текст, который надо поставить в слайд.",,Оспан Б.Б.,,,,,,,,,,,,,,,,,,,,,,,
7.12.2018 9:31:52,МОЛОДЕЖНОЕ КРЫЛО «ЖАС ОТАН»,,,,,,,,,,,,,,,,,,История,Нет,Нет,1,"""Жас Отан"" Жастар қанатының тарихы - қаз/ История Молодежного крыла ""Жас Отан""","Молодежное Крыло «Жас Отан» - активный проводник политики партии «Нұр Отан», деятельность которой направлена на формирование сторонников политики Главы государства и партии «Нұр Отан» среди молодежи. 

«Жас Отан» прошел путь становления от волонтерской структуры до авторитетной организации, составляющей ядро широкой общенациональной молодежной коалиции. Еще в 2000 году Бюро политсовета партии утвердило Временное положение о молодежном крыле, целью которого является содействие партии по созданию социально-экономических и других условий для всестороннего развития молодежи Республики Казахстан. 

А 30 мая 2003 года в Алматы был проведен первый Форум молодежного крыла, на котором было решено назвать молодежное крыло – «Жас Отан», утверждены положения о молодежном крыле и республиканском совете молодежного крыла, эмблема молодежного крыла, избраны руководящие органы. 
",,Меруерт Буркитбаева,,,,,,,
7.12.2018 9:39:30,МОЛОДЕЖНОЕ КРЫЛО «ЖАС ОТАН»,,,,,,,,,,,,,,,,,,История,Нет,Нет,1,"""Жас Отан"" Жастар қанатының тарихы","Текст на казахском: 

«Жас Отан» ЖҚ – «Нұр Отан» партиясы саясатының қозғаушы күші, қызметі – жастар арасында Мемлекет басшысы мен «Нұр Отан» партиясының саясатын қолдаушыларды қалыптастыру.

""Жас Отан"" волонтерлік құрылымнан ауқымды жалпыұлттық жастар коалициясының негізін құрайтын беделді ұйымға дейін қалыптасу жолынан өтті. 2000 жылы партия Саяси кеңесінің Бюросы Жастар қанаты туралы Уақытша Ережені бекітті, оның мақсаты – партияның Қазақстан Республикасы жастарының жан-жақты дамуы үшін әлеуметтік-экономикалық және басқа да жағдайлар жасауға жәрдемдесу. 
Ал 2003 жылдың 30 мамырында Алматыда Жастар қанатының бірінші форумы өтті, онда ""Жас Отан"" жастар қанаты деп атау туралы шешім қабылданып, Жастар қанаты мен Жастар қанатының республикалық кеңесі туралы ережелер, Жастар қанатының эмблемасы бекітілді, басқарушы органдары сайланды. 
",,Меруерт Бүркітбаева,,,,,,,
7.12.2018 9:59:36,МОЛОДЕЖНОЕ КРЫЛО «ЖАС ОТАН»,,,,,,,,,,,,,,,,,,История,I Съезд,Нет,1,"""Жас Отан"" Жастар қанатының I Съезі/ I Съезд Молодежного крыла ""Жас Отан""","Текст на русс:

17 января 2008 года на расширенном заседании политического совета партии «Нұр Отан» президент Казахстана Нурсултан Назарбаев предложил провести весной съезд молодёжного крыла Народно-демократической партии «Нұр Отан» — «Жас Отан». 14 мая того же года в Астане с участием президента Казахстана Нурсултана Назарбаева состоялся I съезд молодёжного крыла «Жас Отан», где молодежное движение получило официальный статус общественной организации. В работе съезда приняли участие более 300 делегатов. Выстроив широкую структуру организации, «Жас Отан» активно включился в реализацию задач, поставленных Лидером нации и партии «Нұр Отан» Н.А.Назарбаевым на этом Съезде.
 
(Цитата): «Жас Отан» должен превратиться в сильное объединение с разветвленной структурой по всей стране, с четкой стратегией действий на перспективу. Сегодняшний первый съезд Молодежного крыла «ЖасОтан» должен стать началом большой и ответственной работы в данном направлении, - отметил на съезде Нурсултан Назарбаев.

Также на площадке Съезда Глава государства принял решение о создании специального Совета по молодежной политике при Президенте страны, который будет координировать молодежную политику, анализировать ситуацию в молодежной среде и готовить практические рекомендации для руководства страны. В рамках работы съезда была представлена партийная программа кадрового резерва.  

Текст на казахском:

2008 жылдың 17 қаңтарында ""Нұр Отан"" партиясы Саяси кеңесінің кеңейтілген отырысында Қазақстан Республикасының Президенті Нұрсұлтан Назарбаев көктемде ""Нұр Отан"" Халықтық-демократиялық партиясының ""Жас Отан""жастар қанатының съезін өткізуді ұсынды. Сол жылдың 14 мамырында Астанада ҚР Президенті Нұрсұлтан Назарбаевтың қатысуымен ""Жас Отан"" жастар қанатының I съезі өтті. Дәл осы жиында «Жас Отан» жастар қозғалысынан ресми түрде қоғамдық ұйым ретінде танылды. Өңірлерден Съезд жұмысына 300-ден астам делегат келді. Осылайша ""Жас Отан"" Ұлт Көшбасшысы және ""Нұр Отан"" партиясы алға қойған міндеттерді іске асыруға белсенді түрде кірісіп кетті. 
«Жас Отан» бүгінде жастықтың, азаматтық белсенділіктің, сындарлы ой-пікірдің орталығы десем қателеспеймін. «Жасотандықтар» – еліміздің ең белді саяси партиясы «Нұр Отанның» берік тұғыры ғана емес, менің жас көмекшілерім, серіктестерім,- деп өз сөзінде Елбасы атап өтті. 

Сондай-ақ Съезд алаңында Мемлекет басшысы жастар саясатын үйлестіретін, жастар арасындағы жағдайды талдайтын және ел басшылығы үшін практикалық ұсыныстар әзірлейтін ел Президенті жанындағы жастар саясаты жөніндегі арнайы кеңес құру туралы шешім қабылдады. Съезд жұмысы аясында кадрлық резервтің партиялық бағдарламасы ұсынылды.

","https://drive.google.com/open?id=1PbnMlqu-cvTmLygS7bmtM1bp2v5GB4g0, https://drive.google.com/open?id=1kzEUbULMi12Hg11KEfGYfGF4_YYRHcTC, https://drive.google.com/open?id=18nTWXmSw4vGsA5bmqiNHhZ8Na8hKXOzK, https://drive.google.com/open?id=1rQqPElK5N5-S6IJRBU01cE80bW2IQPUu",Меруерт Буркитбаева,,,,,,,
7.12.2018 10:04:06,МОЛОДЕЖНОЕ КРЫЛО «ЖАС ОТАН»,,,,,,,,,,,,,,,,,,История,I Съезд,Нет,1,"""Жас Отан"" Жастар қанатының I Съезі/ I Съезд Молодежного крыла ""Жас Отан""","На русс:
17 января 2008 года на расширенном заседании политического совета партии «Нұр Отан» президент Казахстана Нурсултан Назарбаев предложил провести весной съезд молодёжного крыла Народно-демократической партии «Нұр Отан» — «Жас Отан». 14 мая того же года в Астане с участием президента Казахстана Нурсултана Назарбаева состоялся I съезд молодёжного крыла «Жас Отан», где молодежное движение получило официальный статус общественной организации. В работе съезда приняли участие более 300 делегатов. Выстроив широкую структуру организации, «Жас Отан» активно включился в реализацию задач, поставленных Лидером нации и партии «Нұр Отан» Н.А.Назарбаевым на этом Съезде.

 «Жас Отан» должен превратиться в сильное объединение с разветвленной структурой по всей стране, с четкой стратегией действий на перспективу. Сегодняшний первый съезд Молодежного крыла «ЖасОтан» должен стать началом большой и ответственной работы в данном направлении, - отметил на съезде Нурсултан Назарбаев.

Также на площадке Съезда Глава государства принял решение о создании специального Совета по молодежной политике при Президенте страны, который будет координировать молодежную политику, анализировать ситуацию в молодежной среде и готовить практические рекомендации для руководства страны. В рамках работы съезда была представлена партийная программа кадрового резерва.  

На каз:
2008 жылдың 17 қаңтарында ""Нұр Отан"" партиясы Саяси кеңесінің кеңейтілген отырысында Қазақстан Республикасының Президенті Нұрсұлтан Назарбаев көктемде ""Нұр Отан"" Халықтық-демократиялық партиясының ""Жас Отан""жастар қанатының съезін өткізуді ұсынды. Сол жылдың 14 мамырында Астанада ҚР Президенті Нұрсұлтан Назарбаевтың қатысуымен ""Жас Отан"" жастар қанатының I съезі өтті. Дәл осы жиында «Жас Отан» жастар қозғалысынан ресми түрде қоғамдық ұйым ретінде танылды. Өңірлерден Съезд жұмысына 300-ден астам делегат келді. Осылайша ""Жас Отан"" Ұлт Көшбасшысы және ""Нұр Отан"" партиясы алға қойған міндеттерді іске асыруға белсенді түрде кірісіп кетті. 

«Жас Отан» бүгінде жастықтың, азаматтық белсенділіктің, сындарлы ой-пікірдің орталығы десем қателеспеймін. «Жасотандықтар» – еліміздің ең белді саяси партиясы «Нұр Отанның» берік тұғыры ғана емес, менің жас көмекшілерім, серіктестерім,- деп өз сөзінде Елбасы атап өтті. 

Сондай-ақ Съезд алаңында Мемлекет басшысы жастар саясатын үйлестіретін, жастар арасындағы жағдайды талдайтын және ел басшылығы үшін практикалық ұсыныстар әзірлейтін ел Президенті жанындағы жастар саясаты жөніндегі арнайы кеңес құру туралы шешім қабылдады. Съезд жұмысы аясында кадрлық резервтің партиялық бағдарламасы ұсынылды.
","https://drive.google.com/open?id=1fZrj-fu_KOxGtYzu2LtwWTKbxIcfvU-n, https://drive.google.com/open?id=1Be4bLYWLojJU2PDFHohQdgmLVcSHuj6A",Меруерт Буркитбаева,,,,,,,
7.12.2018 12:08:23,ПАРТИЯ «НҰР ОТАН»,ПРОЕКТЫ ПАРТИИ,СТРАТЕГИЧЕСКИЕ ПРОЕКТЫ,ПРОЕКТЫ ПО ЦИФРОВИЗАЦИЙ,IT-классы,1,Паспорт проекта,,"https://drive.google.com/open?id=1RbQGhIQlBzwvUjND8F9uRnepzd9uT4bc, https://drive.google.com/open?id=1GpVqkpGDlbeqvh03s0YpvOXfsohhDj1Q",Галиев Б.С.,,,,,,,,,,,,,,,,,,,,,,,
7.12.2018 12:16:22,ПАРТИЯ «НҰР ОТАН»,ПРОЕКТЫ ПАРТИИ,СТРАТЕГИЧЕСКИЕ ПРОЕКТЫ,ПРОЕКТЫ ПО ЦИФРОВИЗАЦИЙ,IT-центры,2,Паспорт проекта,,https://drive.google.com/open?id=1jv39sj0vns9iXlig9asbFf0sQDKv4yvS,Галиев Б.,,,,,,,,,,,,,,,,,,,,,,,
7.12.2018 12:18:11,ПАРТИЯ «НҰР ОТАН»,ПРОЕКТЫ ПАРТИИ,СТРАТЕГИЧЕСКИЕ ПРОЕКТЫ,ПРОЕКТЫ ПО ЦИФРОВИЗАЦИЙ,Цифровая Партия,3,Паспорт проекта,,"https://drive.google.com/open?id=17ldbEZJHRpsGjwJzZMLgK-BZQksAlNjW, https://drive.google.com/open?id=1PiKLB_MzCX-8H-6qLdsBp2u_WZhcMV5U, https://drive.google.com/open?id=125JgctIgpIPagn69shCXkN5kOCY543oF, https://drive.google.com/open?id=18S9uUG-X2qs_qR_heC_FI-5dKkm-q1k8, https://drive.google.com/open?id=1wekS8ym7Xx0gXkdH0lgYZi4h-h_VUy3z, https://drive.google.com/open?id=1Hn9QoXDCZ4UzzfgBC-h7RSrNxe7Dx9LP",Галиев Б.С.,,,,,,,,,,,,,,,,,,,,,,,
7.12.2018 12:51:27,АКАДЕМИЯ ПОЛИТИЧЕСКОГО МЕНЕДЖМЕНТА И ИНСТИТУТ СТРАТЕГИЧЕСКИХ ИНИЦИАТИВ,,,,,,,,,,ИНСТИТУТ СТРАТЕГИЧЕСКИХ ИНИЦИАТИВ,Аналитическая деятельность,Карта социальных настроений,Все слайды данного раздела в одном файле PPT,Карта социальных настроений,,https://drive.google.com/open?id=11Ax_zLK31Rrh7-zV_tto_irwIpau4o0-,Шакенов,,,,,,,,,,,,,,,
7.12.2018 15:05:20,АКАДЕМИЯ ПОЛИТИЧЕСКОГО МЕНЕДЖМЕНТА И ИНСТИТУТ СТРАТЕГИЧЕСКИХ ИНИЦИАТИВ,,,,,,,,,,ИНСТИТУТ СТРАТЕГИЧЕСКИХ ИНИЦИАТИВ,Аналитическая деятельность,Казахстан в глобальных рейтингах,2,Индекс верховенства закона,,https://drive.google.com/open?id=1qrdb7lD7C7b5pzTr51meJs-k_yH8CwJA,Шакенов,,,,,,,,,,,,,,,
7.12.2018 15:08:37,АКАДЕМИЯ ПОЛИТИЧЕСКОГО МЕНЕДЖМЕНТА И ИНСТИТУТ СТРАТЕГИЧЕСКИХ ИНИЦИАТИВ,,,,,,,,,,ИНСТИТУТ СТРАТЕГИЧЕСКИХ ИНИЦИАТИВ,Аналитическая деятельность,Казахстан в глобальных рейтингах,3,Индекс глобальной конкурентоспособности,,https://drive.google.com/open?id=1raAoqp9Tfye28rE78Jqj1mXYWKhTeLpJ,Шакенов,,,,,,,,,,,,,,,
7.12.2018 15:09:23,АКАДЕМИЯ ПОЛИТИЧЕСКОГО МЕНЕДЖМЕНТА И ИНСТИТУТ СТРАТЕГИЧЕСКИХ ИНИЦИАТИВ,,,,,,,,,,ИНСТИТУТ СТРАТЕГИЧЕСКИХ ИНИЦИАТИВ,Аналитическая деятельность,Казахстан в глобальных рейтингах,4,Индекс конкурентоспособности сектора путешествий и туризма,,https://drive.google.com/open?id=1ypKN4e4KLol7VOSIb0AjEQKLnM5RGC3G,Шакенов,,,,,,,,,,,,,,,
7.12.2018 15:09:59,АКАДЕМИЯ ПОЛИТИЧЕСКОГО МЕНЕДЖМЕНТА И ИНСТИТУТ СТРАТЕГИЧЕСКИХ ИНИЦИАТИВ,,,,,,,,,,ИНСТИТУТ СТРАТЕГИЧЕСКИХ ИНИЦИАТИВ,Аналитическая деятельность,Казахстан в глобальных рейтингах,5,Индекс развития электронного правительства,,https://drive.google.com/open?id=1p5IeVLURpQNU6oD_lnTi3yALJNXFghLY,Шакенов,,,,,,,,,,,,,,,
7.12.2018 15:15:59,АКАДЕМИЯ ПОЛИТИЧЕСКОГО МЕНЕДЖМЕНТА И ИНСТИТУТ СТРАТЕГИЧЕСКИХ ИНИЦИАТИВ,,,,,,,,,,ИНСТИТУТ СТРАТЕГИЧЕСКИХ ИНИЦИАТИВ,Аналитическая деятельность,Казахстан в глобальных рейтингах,6,Индекс социального прогресса,,https://drive.google.com/open?id=1SZjTmDH4bCvxJQyKgPK82s828xrfa_Yi,Шакенов,,,,,,,,,,,,,,,
7.12.2018 15:27:56,АКАДЕМИЯ ПОЛИТИЧЕСКОГО МЕНЕДЖМЕНТА И ИНСТИТУТ СТРАТЕГИЧЕСКИХ ИНИЦИАТИВ,,,,,,,,,,ИНСТИТУТ СТРАТЕГИЧЕСКИХ ИНИЦИАТИВ,Аналитическая деятельность,Казахстан в глобальных рейтингах,7,Индекс человеческого развития,,https://drive.google.com/open?id=1E7iJy7bph72xYmwlL5Hfj2SQ4ayKe6LN,Шакенов,,,,,,,,,,,,,,,
7.12.2018 15:35:54,АКАДЕМИЯ ПОЛИТИЧЕСКОГО МЕНЕДЖМЕНТА И ИНСТИТУТ СТРАТЕГИЧЕСКИХ ИНИЦИАТИВ,,,,,,,,,,ИНСТИТУТ СТРАТЕГИЧЕСКИХ ИНИЦИАТИВ,Аналитическая деятельность,Казахстан в глобальных рейтингах,8,Индекс экономической свободы,,https://drive.google.com/open?id=1ACTAQMdwkiWvp6ruXxzwIRukc0lVhs1h,Шакенов,,,,,,,,,,,,,,,
7.12.2018 15:37:00,АКАДЕМИЯ ПОЛИТИЧЕСКОГО МЕНЕДЖМЕНТА И ИНСТИТУТ СТРАТЕГИЧЕСКИХ ИНИЦИАТИВ,,,,,,,,,,ИНСТИТУТ СТРАТЕГИЧЕСКИХ ИНИЦИАТИВ,Аналитическая деятельность,Имидж партии,1,Отношение к партии и партийным проектам,,https://drive.google.com/open?id=1mDzI_WRiN7rO38P1BmVnydJjakyjav4M,Шакенов,,,,,,,,,,,,,,,
7.12.2018 16:02:32,АКАДЕМИЯ ПОЛИТИЧЕСКОГО МЕНЕДЖМЕНТА И ИНСТИТУТ СТРАТЕГИЧЕСКИХ ИНИЦИАТИВ,,,,,,,,,,ИНСТИТУТ СТРАТЕГИЧЕСКИХ ИНИЦИАТИВ,Работа с экспертным сообществом,NurOtan Trends,1,Nur Otan Trends,,https://drive.google.com/open?id=1dSut7-q8-Kmt4VVqvnAP-fReAheBuTsm,Шакенов,,,,,,,,,,,,,,,
7.12.2018 16:03:43,АКАДЕМИЯ ПОЛИТИЧЕСКОГО МЕНЕДЖМЕНТА И ИНСТИТУТ СТРАТЕГИЧЕСКИХ ИНИЦИАТИВ,,,,,,,,,,ИНСТИТУТ СТРАТЕГИЧЕСКИХ ИНИЦИАТИВ,Работа с экспертным сообществом,NurOtan Trends,2,Послание Президента: как консолидировать общество вокруг общих целей?,,"https://drive.google.com/open?id=1b1NEyk_PPAk_4PDzKcBRZpkT88Mggyy6, https://drive.google.com/open?id=1zwx6Af4XhgdihffMD3X_HXYPbB8IdfB-, https://drive.google.com/open?id=1HY92oPNHcSrrxJA2Zv0pEAvgKEPS0m90, https://drive.google.com/open?id=1mKDWgHmO6XLtiIYxQ0wgMhFErrmQj9eM",Шакенов,,,,,,,,,,,,,,,
7.12.2018 16:28:45,АКАДЕМИЯ ПОЛИТИЧЕСКОГО МЕНЕДЖМЕНТА И ИНСТИТУТ СТРАТЕГИЧЕСКИХ ИНИЦИАТИВ,,,,,,,,,,ИНСТИТУТ СТРАТЕГИЧЕСКИХ ИНИЦИАТИВ,Работа с экспертным сообществом,NurOtan Trends,3,Новые форматы взаимодействия общества с властью,,"https://drive.google.com/open?id=1vx5i2GoCkE6ZT6KzqszBh5PveHRT8Loy, https://drive.google.com/open?id=1syJ7YNHkazgHXJPoO81SRq4WFUNcJiUP, https://drive.google.com/open?id=12tY9_SH6hmsRGsXc6tjwNl2t0YW-zRIo, https://drive.google.com/open?id=1qH766zv5q3kqxEXJMX0qlygEQbQuAy0z",Шакенов,,,,,,,,,,,,,,,
7.12.2018 16:32:48,ПАРТИЯ «НҰР ОТАН»,ДОКТРИНА ПАРТИИ,Антикоррупционная Программа,ПРЕДВЫБОРНАЯ ПРОГРАММА ПАРТИИ «НҰР ОТАН» ҚАЗАҚСТАН – 2021: ЕДИНСТВО. СТАБИЛЬНОСТЬ. СОЗИДАНИЕ.,Институт Партийных Кураторов,1,"ПАРТИЯ ""НҰР ОТАН""",3  файла дополнительно направлены на почту Газизу,"https://drive.google.com/open?id=158oAev7XDGRuLbVPkZAK_V1nDMIXQBTH, https://drive.google.com/open?id=12YYpisLXyKbzhPjbTnbhjyyxfQJs3OqJ, https://drive.google.com/open?id=1P0S6CwyERHJZaO9yuaRBXJZXgzs5Ma4C, https://drive.google.com/open?id=1cFja6pIY8HLnugqapT9Nuvsc3kFWOSoN",Біржанти С.А.,,,,,,,,,,,,,,,,,,,,,,,
7.12.2018 16:37:38,МОЛОДЕЖНОЕ КРЫЛО «ЖАС ОТАН»,,,,,,,,,,,,,,,,,,Проекты,«English for Jastar»,Нет,1,English for jastar ,"Проект направлен на преодоление языкового барьера у обучающихся  и повышение мотивации изучения иностранных языков, через вовлечения иностранных студентов и преподавателей английского языка в сельскую местность для прохождения практики.
","https://drive.google.com/open?id=1-50vQ1egZZVUlszlNGa_iTMklx-Uo2xT, https://drive.google.com/open?id=1Ue9jfiN8w22PfjHumDt_oMomfddJN_RY, https://drive.google.com/open?id=1Bf23JWmojc2fq5XjPLnSJwNG52G2zNcx",Куанышбекова Жансая ,,,,,,,
7.12.2018 16:37:59,АКАДЕМИЯ ПОЛИТИЧЕСКОГО МЕНЕДЖМЕНТА И ИНСТИТУТ СТРАТЕГИЧЕСКИХ ИНИЦИАТИВ,,,,,,,,,,ИНСТИТУТ СТРАТЕГИЧЕСКИХ ИНИЦИАТИВ,Работа с экспертным сообществом,NurOtan Trends,4,Как проходит цифровизация в Казахстане?,,"https://drive.google.com/open?id=1fL8hZBmCBRiA8ZPMQxS8_4mM5v-SKgq9, https://drive.google.com/open?id=1_-jWYhVjoKtt0Mbh523VJg9R6lDBo_qd, https://drive.google.com/open?id=1f2J61u8inKzXNx1xf-KvhDCpJipBKOd_",Шакенов,,,,,,,,,,,,,,,
7.12.2018 16:39:12,МОЛОДЕЖНОЕ КРЫЛО «ЖАС ОТАН»,,,,,,,,,,,,,,,,,,История,II Съезд,Нет,1,«Жас Отан» Жастар қанатының II Съезі/ II Съезд Молодежного крыла «Жас Отан» ,"На русс:
Стратегия «Жастар — Отанға!» Молодёжного крыла «Жас Отан» до 2020 года была принята 16 ноября 2012 года на II съезде Молодёжного крыла «Жас Отан» с участием президента Казахстана Нурсултана Назарбаева. 
МК «Жас Отан» в стратегии уделил особое внимание волонтерской деятельности и впервые инициировал необходимость разработки законопроекта о волонтерстве, в котором были бы отрегулированы правые нормы деятельности волонтерских организаций. И в течении нескольких следующих лет поднимал этот вопрос неоднократно перед депутатами Мажилиса Парламента РК, в итоге чего в 2016 году был принят Закон РК «О волонтерской деятельности». 

На этом Съезде Глава государства также объявил о разработке Концепции государственной молодежной политики до 2020 года, который был принят 27 февраля 2013 года. В ней были учтены все основные положения Стратегии «Жас Отан» до  2020 года как отметил Елбасы. Также был поднят вопрос об изменениях в законопроект по молодежной политике. 

Таким образом, Съезды Жас Отан стали основной площадкой для обсуждения главных задач и самых крупных инициатив в сфере молодежной политики страны. 

На каз: 
""Жас Отан"" жастар қанатының 2020 жылға дейінгі ""Жастар — Отанға! "" Стратегиясы 2012 жылдың 16 қарашасында Қазақстан Президенті Нұрсұлтан Назарбаевтың қатысуымен өткен ""Жас Отан"" жастар қанатының II Съезінде қабылданды.  

""Жас Отан"" ЖҚ стратегияда волонтерлік қызметке ерекше көңіл бөлді және алғаш рет волонтерлік ұйымдар қызметінің құқықтық нормалары реттелген еріктілер туралы заң жобасын әзірлеу қажеттілігі туралы бастама көтерді. Келесі бірнеше жыл ішінде бұл мәселені ҚР Парламенті Мәжілісінің депутаттары алдында бірнеше рет көтерді, нәтижесінде 2016 жылы ""Волонтерлік қызмет туралы"" ҚР Заңы қабылданды. 

Осы Съезде Мемлекет басшысы, сондай-ақ, 2013 жылғы 27 ақпанда қабылданған Мемлекеттік жастар саясатының 2020 жылға дейінгі тұжырымдамасын әзірлеу туралы тапсырма берді. Елбасы айтқандай, ""Жас Отанның"" 2020 жылға дейінгі Стратегиясының барлық негізгі ережесі ескерілді. Сондай-ақ жастар саясаты жөніндегі заң жобасына өзгерістер енгізу мәселесі көтерілді. 

Осылайша, Жас Отан съездері еліміздің жастар саясаты саласындағы басты міндеттер мен ең ірі бастамаларды талқыланатын негізгі алаңға айналды.
","https://drive.google.com/open?id=1AUh1fNdmOuPfJsJ9RePCZ0hXWe8XBi9y, https://drive.google.com/open?id=1gRHQP-j0-mpzSDKYkkIYgDLX-UC4ZKLy",Меруерт Буркитбаева,,,,,,,
7.12.2018 16:40:38,АКАДЕМИЯ ПОЛИТИЧЕСКОГО МЕНЕДЖМЕНТА И ИНСТИТУТ СТРАТЕГИЧЕСКИХ ИНИЦИАТИВ,,,,,,,,,,ИНСТИТУТ СТРАТЕГИЧЕСКИХ ИНИЦИАТИВ,Работа с экспертным сообществом,NurOtan Trends,5,Доступно ли Доступное жилье?,,"https://drive.google.com/open?id=1HIdsYsJmyvHlHKQkLmoPXJLiy4S0guwE, https://drive.google.com/open?id=1B9KLNz99TSUgqsb4MbMFZtw_OrQS_E5r, https://drive.google.com/open?id=19j98Qir5fq2ZJUUw_oLZcj_tIwaoF39W",Шакенов,,,,,,,,,,,,,,,
7.12.2018 16:41:29,АКАДЕМИЯ ПОЛИТИЧЕСКОГО МЕНЕДЖМЕНТА И ИНСТИТУТ СТРАТЕГИЧЕСКИХ ИНИЦИАТИВ,,,,,,,,,,ИНСТИТУТ СТРАТЕГИЧЕСКИХ ИНИЦИАТИВ,Работа с экспертным сообществом,NurOtan Trends,6,Почему в Казахстане дорогие кредиты?,,"https://drive.google.com/open?id=1lPPzUdgNpo0fqf3c9LDqEXtbd1UZcKvM, https://drive.google.com/open?id=1_bO3uBSXAFKpGybDQ5Fec5Lib2v6GIkq, https://drive.google.com/open?id=1kg8y7EdwD0mbaVt0x3DKP6ls5O-qr1MC, https://drive.google.com/open?id=1SfGWAz3z38q6X4dPLRUyiPNShYaANM5Z",Шакенов,,,,,,,,,,,,,,,
7.12.2018 16:42:27,МОЛОДЕЖНОЕ КРЫЛО «ЖАС ОТАН»,,,,,,,,,,,,,,,,,,Проекты,«Центры распространения знаний»,Нет,2,Центры распространения знаний ,"Проект направлен на модернизацию региональных библиотек в современные центры распространения знаний «Bilim Ortalygy», с использованием лучших мировых практик для удовлетворения информационных потребностей всех групп молодежи.

Через создание единой концепции современных центров распространения знаний «Bilim Ortalygy» для дальнейшгей рекомендации местным исполнительным органам для модернизации библиотек.
","https://drive.google.com/open?id=1VLpjSUiE2He431PTZNFRyoPssJYROe-7, https://drive.google.com/open?id=1wDJPKW948-dp4Lb_3MAju-dRDNFRS_IE",Куанышбекова Жансая ,,,,,,,
7.12.2018 16:48:27,АКАДЕМИЯ ПОЛИТИЧЕСКОГО МЕНЕДЖМЕНТА И ИНСТИТУТ СТРАТЕГИЧЕСКИХ ИНИЦИАТИВ,,,,,,,,,,ИНСТИТУТ СТРАТЕГИЧЕСКИХ ИНИЦИАТИВ,Работа с экспертным сообществом,NurOtan Talks,1,Nur Otan Talks,,https://drive.google.com/open?id=1Mr65B29Z2as4danFqArCef9WQ5_s8dAz,Шакенов,,,,,,,,,,,,,,,
7.12.2018 16:49:54,МОЛОДЕЖНОЕ КРЫЛО «ЖАС ОТАН»,,,,,,,,,,,,,,,,,,История,III Съезд,Нет,1,«Жас Отан» Жастар қанатының III Съезі/ III Съезд Молодежного крыла «Жас Отан» ,"На русс:
9-10 апреля 2015 года в Астане прошёл III Внеочередной Съезд Молодежного крыла «Жас Отан» при партии «Нұр Отан». Основными задачами Съезда были обсуждение роли молодежи в реализации Стратегии «Казахстан -2050» и принятие Программы МК «Жас Отан» до 2020 года. В его работе приняли участие 2 000 делегатов из всех регионов страны. 

Позже 8 августа 2015 года на Заседании Бюро Политического совета партии «Нұр Отан» Глава государства дал высокую оценку работы Съезда:
(Цитата) С принятием новой программы молодежного крыла «Жас Отан» на качественно новый уровень вышла работа с молодежью, - сказал Председатель партии Н. Назарбаев. 

На каз: 
2015 жылғы 9-10 сәуірде Астана қаласында ""Нұр Отан"" партиясы жанындағы ""Жас Отан"" Жастар қанатының кезектен тыс III Съезі өтті. Съездің негізгі міндеттері ""Қазақстан-2050"" Стратегиясын іске асырудағы жастардың рөлін талқылау және ""Жас Отан"" ЖҚ 2020 жылға дейінгі бағдарламасын қабылдау болды. Оның жұмысына еліміздің барлық өңірлерінен 2 000 делегат қатысты.

Кейінірек 2015 жылдың 8 тамызы өткен ""Нұр Отан"" партиясы Саяси кеңесі Бюросының отырысында Мемлекет басшысы Съезд жұмысына жоғары баға берді:
(Цитата) ""Жас Отан"" жастар қанатының жаңа бағдарламасының қабылдануымен жастармен жұмыс сапалы жаңа деңгейге шықты, - деді партия Төрағасы Н. Назарбаев. 
","https://drive.google.com/open?id=1MG6xGq92tTSknKaRFWHpzlynPC6gHQ0I, https://drive.google.com/open?id=1PrtQ4gdRlq6j2OszSSchyt991V35l0PD",Меруерт Буркитбаева,,,,,,,
7.12.2018 16:52:02,МОЛОДЕЖНОЕ КРЫЛО «ЖАС ОТАН»,,,,,,,,,,,,,,,,,,Проекты,«Сәтті қадам»,Нет,3,Сәтті қадам,"Реализация проекта направлена на трудовую  и образовательную социализацию молодежи, выпускников школ, не принимавших участие в ЕНТ и не преодолевших пороговый уровень при сдаче ЕНТ и выпускников ВУЗов и ТиПО из числа детей-сирот.","https://drive.google.com/open?id=1X3lbG2M4xFkjfCYz2EvdwA1oDzhGk1Px, https://drive.google.com/open?id=1YMN4rxeBVn3-sOFocyZEe3AeMKB5Rj4R",Куанышбекова Жансая ,,,,,,,
7.12.2018 17:02:03,МОЛОДЕЖНОЕ КРЫЛО «ЖАС ОТАН»,,,,,,,,,,,,,,,,,,Проекты,«Digital nation»,Нет,4,Digital nation ,"Проект реализуется в рамках государственной программы «Цифровой Казахстан» озвученной Главой государства. В рамках государственной программы МК «Жас Отан» разработал молодежный проект «Digital Nation», целью которого является популяризация цифровых технологий и их возможностей, раскрытие потенциала молодежи путем их активного вовлечения в цифровую среду.","https://drive.google.com/open?id=1r3ILf32NvHoHAs1-iFmFVoIKAeUhBtE7, https://drive.google.com/open?id=1w-CjToUlFHc0_IIhU1Fl_0lW-R5Gee6R",Куанышбекова Жансая,,,,,,,
7.12.2018 17:04:37,МОЛОДЕЖНОЕ КРЫЛО «ЖАС ОТАН»,,,,,,,,,,,,,,,,,,История,IV Съезд,Нет,1,«Жас Отан» Жастар қанатының IV Съезі/ IV Съезд Молодежного крыла «Жас Отан» ," Русс: 
IV очередной Съезд Молодежного крыла «Жас Отан» стал самым крупным событием в молодежной политике страны за 2018 год. 28-29 марта 2018 года в Астане под девизом «Мы меняем мир» собрались более 1500 молодых лидеров со всех регионов страны. Съезд МК «Жас Отан» впервые в Казахстане транслировался в формате VR (virtual reality) или ""виртуальной реальности"", что полностью соответствует духу объявленной Третьей модернизации. Не только присутствующие в зале могли видеть происходящее на 360 градусов вокруг, но и любой пользователь Интернета в мире мог присоединиться и посмотреть проходящий в столице Казахстана молодежный форум в режиме реального времени. В завершение Съезда был принят итоговый документ «Жаңа әлемге жол саламыз», в котором отражено видение «Жас Отан» дальнейшего развития организации и поставили первоочередные и стратегические задачи по участию в системных процессах модернизации, которые происходят в стране.

Каз:
""Жас Отан"" жастар қанатының IV кезекті Съезі елімізде 2018 жылғы жастар саясатындағы ең ірі оқиға болды. 28-29 наурызда Астанада ""Біз әлемді өзгертеміз"" ұранымен еліміздің барлық өңірлерінен 1500-ден астам жас көшбасшы жиналды. ""Жас Отан"" ЖҚ Съезі Қазақстанда алғаш рет VR (virtual reality) немесе ""Виртуалды шындық"" форматында көрсетілді, бұл жарияланған Үшінші жаңғырту рухына толық сәйкес келеді. Қазақстанның елордасында өтіп жатқан Съезді залдағы қатысушылар ғана емес, әлемдегі кез келген Интернет пайдаланушы 360 градуста  нақты уақыт режимінде көруге мүмкіндік алды. Съезд соңында ""Жаңа әлемге жол саламыз"" атты қорытынды құжат қабылданды, онда ""Жас Отан"" ұйымның одан әрі дамуының көрінісі және елде болып жатқан жаңғыртудың жүйелі процестеріне жастардың қатысуы бойынша бірінші кезектегі стратегиялық міндеттер қойылған. 
","https://drive.google.com/open?id=1XZMr6Z5NqCjN3Nymyi2uwR52rCDK_dI5, https://drive.google.com/open?id=1rWfN0_EhBvKOyy23lJFOsB0UG61SNw_S",Меруерт Буркитбаева,,,,,,,
7.12.2018 17:06:16,МОЛОДЕЖНОЕ КРЫЛО «ЖАС ОТАН»,,,,,,,,,,,,,,,,,,Проекты,«Nurintech»,Нет,4,Nurintech ,"Республиканский молодежный конкурс инновационных проектов «NURINTECH» был инициирован по поручению Главы государства, Председателя партии «Нұр Отан» Нурсултана Назарбаева. 

Основной целью проекта является определение наиболее перспективных инноваций и технологий для обеспечения устойчивого роста экономики страны и создание условий для раскрытия и реализации творческих способностей и потенциала молодежи путем вовлечения в научную и инновационную деятельность.

Конкурс оказывает содействие в продвижении отечественных инновационных проектов на международных конкурсах инноваций.
","https://drive.google.com/open?id=1GpDq-sViZw5Iziaxe5IEy1XJ7afn7OmS, https://drive.google.com/open?id=1T0ik638i7ZLyMXOeAj2V-8jPR2Sd7-Cz, https://drive.google.com/open?id=1rCR56Z9VjZkeEOkxjxnPoqFZjd2UViVZ, https://drive.google.com/open?id=1gb8T8iIeKrWQvJSFalIcbBWRFOnOpcOn",Куанышбекова Жансая ,,,,,,,
7.12.2018 17:09:34,ПАРТИЯ «НҰР ОТАН»,ЦЕННОСТИ ПАРТИИ,Поступление на работу в партию,Нет,Нет,1,Партийные кадры,,"https://drive.google.com/open?id=1rmcBPNxcc8lj_1rJMXw3_os_vWdogNXF, https://drive.google.com/open?id=1UrKVE2jy1aPCtm90cMrkcIMp5ySTzjzy, https://drive.google.com/open?id=1eFDS3q-8gs0ZeePYUa7sYnxcECQ_YY_O",Жуманов,,,,,,,,,,,,,,,,,,,,,,,
7.12.2018 17:09:32,АКАДЕМИЯ ПОЛИТИЧЕСКОГО МЕНЕДЖМЕНТА И ИНСТИТУТ СТРАТЕГИЧЕСКИХ ИНИЦИАТИВ,,,,,,,,,,ИНСТИТУТ СТРАТЕГИЧЕСКИХ ИНИЦИАТИВ,Работа с экспертным сообществом,NurOtan Talks,2,"Инициативы, изменившие Казахстан",,"https://drive.google.com/open?id=1f-s0v6KsPs7Km-wnd0bB8Slfsj8A65fT, https://drive.google.com/open?id=1LfItKC4es0ZsjRwPlsg7FlBrs8BlCe0D, https://drive.google.com/open?id=1M_XLqOP2N-Z9G3pD740PsPS9imqqZCho, https://drive.google.com/open?id=1aX9WfL_5ZCWAJwtlf1dPQ4hu85Vxh_8A, https://drive.google.com/open?id=1vkuPRS_MtMw2mIFvBTgdgYXc7OLwcffh",Шакенов,,,,,,,,,,,,,,,
7.12.2018 17:10:09,МОЛОДЕЖНОЕ КРЫЛО «ЖАС ОТАН»,,,,,,,,,,,,,,,,,,Проекты,«Бизнес-ментор»,Нет,7,Бизнес ментор ," «Бизнес - ментор» это мобильное приложение направленное на поддержку начинающих бизнесменов и стартаперов. Пройдя регистрацию каждый участник сможет непосредственно работать, консультироваться и советоваться с успешным бизнесменами страны - менторами. В рамках данного проекта запланированы публичные лекции, на которых профессионалы своего дела будут делиться с молодежью опытом и навыками.","https://drive.google.com/open?id=1fomrelKLtjHou2vVQ8vKY86t7g-ss_O5, https://drive.google.com/open?id=10LVup88j-u_bZB_CZwa1ceih3sXDqQs4",Куанышбекова Жансая ,,,,,,,
7.12.2018 17:10:28,АКАДЕМИЯ ПОЛИТИЧЕСКОГО МЕНЕДЖМЕНТА И ИНСТИТУТ СТРАТЕГИЧЕСКИХ ИНИЦИАТИВ,,,,,,,,,,ИНСТИТУТ СТРАТЕГИЧЕСКИХ ИНИЦИАТИВ,Работа с экспертным сообществом,NurOtan Talks,3,Современная казахстанская культура в глобальном мире: истории успехов,,"https://drive.google.com/open?id=1j_mXp7numl3k0_t1Eq_uDJ4Tf0_FhYdb, https://drive.google.com/open?id=1rq6ZooGJpWoRSQ-hOlFl8qhnHoYCHx97, https://drive.google.com/open?id=1Oh-3IXVOrGtUgJ6qPiuAIh2cRRhD_yzq, https://drive.google.com/open?id=1EbnhK2J1d1gJ1OIGOswwLwVhU5SoRKfh",Шакенов,,,,,,,,,,,,,,,
7.12.2018 17:14:56,МОЛОДЕЖНОЕ КРЫЛО «ЖАС ОТАН»,,,,,,,,,,,,,,,,,,Проекты,«J Library»,Нет,8,J-Library,"J-Library - база 10 000 книг на трёх языках (казахском, русском, английском), рекомендованные к прочтению каждому казахстанцу. Проект направлен на популяризацию чтения книг среди молодежи. Пользователь, который пожелает прочесть книгу переходит по внешней ссылке на другой сервер и читает книгу онлайн.","https://drive.google.com/open?id=1CODHlwiyq8mgivW81HXbuBpxwfehxfs5, https://drive.google.com/open?id=1rq6wE_inFwTnopQCI4SHwyTezOdvzLBR",Куанышбекова Жансая ,,,,,,,
7.12.2018 17:17:56,МОЛОДЕЖНОЕ КРЫЛО «ЖАС ОТАН»,,,,,,,,,,,,,,,,,,Структура,Председатель МК «Жас Отан» Сундетбаев Д. М.,Нет,1,"Председатель МК ""Жас Отан""/ ""Жас Отан"" ЖҚ Төрағасы","Русс: 
Председатель Молодежного крыла ""Жас Отан"" - Сундетбаев Данияр Манарбекулы

Каз:
""Жас Отан"" Жастар қанатының Төрағасы - Сүндетбаев Данияр Манарбекұлы",https://drive.google.com/open?id=1tYaBYhgS1HF8_1_9GEiEfWec2ad_NnJB,Меруерт Буркитбаева,,,,,,,
7.12.2018 17:19:46,МОЛОДЕЖНОЕ КРЫЛО «ЖАС ОТАН»,,,,,,,,,,,,,,,,,,Проекты,«Серпін жастары»,Нет,9,Серпін жастары,"Социальная программа «Серпін-2050» реализуется с 2014 года с целью обучить и трудоустроить молодежь из южных регионов страны (Алматинской, Южно-Казахстанской, Жамбылской, Кызылординской, Мангистауской областей) с избытком трудовых ресурсов на востоке, севере и западе Казахстана – в регионах, испытывающих дефицит кадров.
Главная задача Проекта — содействие трудовой занятости молодежи и равномерное распределение образовательных и трудовых ресурсов в Республике. Социальный проект «Серпін-2050» входит в число приоритетных задач, поставленных Главой государства Нурсултаном Назарбаевым в Стратегии «Казахстан-2050».","https://drive.google.com/open?id=1ADCw-2YK41d51OlAShvc5phBxfqM9qbt, https://drive.google.com/open?id=1ROYaei4hTqj7-C6IcRNY0zKnG2Xa61Zu, https://drive.google.com/open?id=1d-SdhNSGxj19hApuH7Vd5NELB4bIiEbi, https://drive.google.com/open?id=15j5yLlSnLYkAXIfo_ZNcKByKsGiEPJwa",Куанышбекова Жансая ,,,,,,,
7.12.2018 17:21:30,АКАДЕМИЯ ПОЛИТИЧЕСКОГО МЕНЕДЖМЕНТА И ИНСТИТУТ СТРАТЕГИЧЕСКИХ ИНИЦИАТИВ,,,,,,,,,,ИНСТИТУТ СТРАТЕГИЧЕСКИХ ИНИЦИАТИВ,Работа с экспертным сообществом,NurOtan Talks,4,"Книга, которая изменила мою жизнь",,"https://drive.google.com/open?id=1xTL8UzgTA7_cS7qKez8Pe-fDLwTytGNv, https://drive.google.com/open?id=1iW52052TRFDb7zWaNh95wyzMH8MJC0JH, https://drive.google.com/open?id=1QbuqDu2Vk1jLzLkwWmL1nHTr8EKaLA-S, https://drive.google.com/open?id=1RFTiGoKkByvQr3UrHlQAg-DC52h7hW0_",Шакенов,,,,,,,,,,,,,,,
7.12.2018 17:22:32,АКАДЕМИЯ ПОЛИТИЧЕСКОГО МЕНЕДЖМЕНТА И ИНСТИТУТ СТРАТЕГИЧЕСКИХ ИНИЦИАТИВ,,,,,,,,,,ИНСТИТУТ СТРАТЕГИЧЕСКИХ ИНИЦИАТИВ,Работа с экспертным сообществом,NurOtan Talks,5,Астана: история успеха,,"https://drive.google.com/open?id=1yd18zo7-Dn6DtafDs2tJLKEB1mzxHk2F, https://drive.google.com/open?id=1_1JVlQwaeVfuww5K3ofblKEW-pJZfL3_, https://drive.google.com/open?id=1rZdOJmeteBf18p0esCXWIlxEkvhVObE5, https://drive.google.com/open?id=1le5zilN95sZu3FHEYP-UtjxlnyYW2KNx",Шакенов,,,,,,,,,,,,,,,
7.12.2018 17:24:57,МОЛОДЕЖНОЕ КРЫЛО «ЖАС ОТАН»,,,,,,,,,,,,,,,,,,Структура,Исполнительный секретариат Кәрібек Д.Ж.,Нет,1,"Исполнительный секретарь МК ""Жас Отан""/ ""Жас Отан"" ЖҚ атқарушы хатшысы ","Исполнительный секретарь Молодежного крыла ""Жас Отан"" - Кәрібек Дәулет Жамаубайұлы
 ""Жас Отан"" Жастар қанатының атқарушы хатшысы - Кәрібек Дәулет Жамаубайұлы",https://drive.google.com/open?id=1c1L1HeatBr972O_F-NrWMSzMONS_as3v,Меруерт Буркитбаева,,,,,,,
7.12.2018 17:25:52,АКАДЕМИЯ ПОЛИТИЧЕСКОГО МЕНЕДЖМЕНТА И ИНСТИТУТ СТРАТЕГИЧЕСКИХ ИНИЦИАТИВ,,,,,,,,,,ИНСТИТУТ СТРАТЕГИЧЕСКИХ ИНИЦИАТИВ,Информационно-разъяснительные материалы,Инфографика по Посланию Президента РК,1,Инфографика ,,"https://drive.google.com/open?id=1TP63QlRQuNPAMQE4Y8no43cfSn9lHYZ5, https://drive.google.com/open?id=1U-1FXbK1iaisx823l1DHdu3KLaDYdqaz, https://drive.google.com/open?id=1D86mR5dwF_KgwrjJeZ-4wDiQe_xVUtF8, https://drive.google.com/open?id=1KSfgpkfUuPDzPyF6wb-jl83idalCZ4j_, https://drive.google.com/open?id=1qY4YvLmw5Zlr95I9YCE_aN23mxTnInNi, https://drive.google.com/open?id=10Bp1Bvnjqw8zH9IVAnPeSRwcHJZEBT6C, https://drive.google.com/open?id=11AoU4lHxj-6Gocgy4GNjkcasPiRTUFVj",Шакенов,,,,,,,,,,,,,,,
7.12.2018 17:27:13,МОЛОДЕЖНОЕ КРЫЛО «ЖАС ОТАН»,,,,,,,,,,,,,,,,,,Проекты,«Гульдене бер-туған ел»,Нет,10,Гүлдене бер туған ел,"Проект «Гүлдене бер, туған ел!» носит социально-экономический характер. Данный проект решает вопросы большого оттока молодежи в соседние вузы страны, образования, миграции молодежи, трудоустройства.
Реализация проекта направлена на формирование системы профессиональной ориентации выпускников школ. Снижение учебной миграции молодежи в приграничных регионах Казахстана, повышение привлекательности для молодежи рынка труда и образования по месту жительства.","https://drive.google.com/open?id=1IMjK9YQiwxSe1owppwu3lEB_6hQ3BZb2, https://drive.google.com/open?id=17pB3VR2B3CcqPIz6reEgl0ZoYQW6qd_l, https://drive.google.com/open?id=1-TrmzcHRyxTLyEnwjT5PgOxuAYtT9C_r",Куанышбекова Жансая ,,,,,,,
7.12.2018 17:31:41,АКАДЕМИЯ ПОЛИТИЧЕСКОГО МЕНЕДЖМЕНТА И ИНСТИТУТ СТРАТЕГИЧЕСКИХ ИНИЦИАТИВ,,,,,,,,,,ИНСТИТУТ СТРАТЕГИЧЕСКИХ ИНИЦИАТИВ,Информационно-разъяснительные материалы,Инфографика по Посланию Президента РК,2,Информационные материалы,,"https://drive.google.com/open?id=17uT5eGL_0maYqb0oH-iUxLsyLuTZh_wr, https://drive.google.com/open?id=18V58MLRvwGb31euk8urqI2m7dX7MlDTq, https://drive.google.com/open?id=1mOMo5vwl-khhcpp02T-GjEoQIrUWAfGH, https://drive.google.com/open?id=1vVQs3RtjaEoDrxtDqhPR7751XJEIpJGj",Шакенов,,,,,,,,,,,,,,,
7.12.2018 17:33:15,АКАДЕМИЯ ПОЛИТИЧЕСКОГО МЕНЕДЖМЕНТА И ИНСТИТУТ СТРАТЕГИЧЕСКИХ ИНИЦИАТИВ,,,,,,,,,,ИНСТИТУТ СТРАТЕГИЧЕСКИХ ИНИЦИАТИВ,Информационно-разъяснительные материалы,Инфографика по Посланию Президента РК,2,Информационные материалы,Надо добавить к предыдущим файлам,https://drive.google.com/open?id=1iUEXu0REwHItDg1nNoxiF8CDX51fO7lh,Шакенов,,,,,,,,,,,,,,,
7.12.2018 17:33:56,МОЛОДЕЖНОЕ КРЫЛО «ЖАС ОТАН»,,,,,,,,,,,,,,,,,,Проекты,«Жастар-ауылға!»,Нет,11,Жастар ауылға,"
Проект «Жастар ауылға» направлен на обучение сельской молодежи предпринимательским навыкам, в том числе принципам формирования сельскохозяйственных кооперативов, а также сопровождению их бизнес - проектов. 
","https://drive.google.com/open?id=1FLynTU-uFpVGjZfJ2HFmuzXNeLh74RUf, https://drive.google.com/open?id=1A0FxH7D-FwKymeS64DJdtJzwD0T-qObx",Куанышбекова Жансая ,,,,,,,
7.12.2018 18:12:07,МОЛОДЕЖНОЕ КРЫЛО «ЖАС ОТАН»,,,,,,,,,,,,,,,,,,Проекты,«English for Jastar»,Нет,1,English for Jastar казакша,Жоба жастардың ағылшын тіліне деген қызығушылықтарын арттыру мақсатында шетелден ауылдық мектептерге ағылшын тілі студенттері мен мұғалімдерін мерзімдік тәжірибеге тарту арқылы  білім алушылардың тілдік кедергілерін еңсеру және шет тілдерін үйренуге ынталандыруға бағытталған жоба,,Куанышбекова Жансая ,,,,,,,
7.12.2018 18:14:44,МОЛОДЕЖНОЕ КРЫЛО «ЖАС ОТАН»,,,,,,,,,,,,,,,,,,Проекты,«Центры распространения знаний»,Нет,2,Центры распространения знаний казакша,"Өскелең ұрпақтың рухани, инттектуалдық өсуіне қажеттіліктерін қанағаттандыру және шығармашылық дамуына қолайлы жағдай жасау үшін қазіргі қоғамдық кітапханаларды «Білім беру Орталықтарына» жанғырту.

Жоба аймақтық кітапханалды базалық элементтерінің бірі, білім беру және қалалық ақпараттық инфрақұрылымын орындайтын, маңызды әлеуметтік және коммуникативтік функцияларын орындайтын «Білім беру Орталықтарына» жанғыртуын және негізгі ұстанымдарын айқындайды.",,Куанышбекова Жансая ,,,,,,,
7.12.2018 18:15:58,ПАРТИЯ «НҰР ОТАН»,ПРОЕКТЫ ПАРТИИ,СТРАТЕГИЧЕСКИЕ ПРОЕКТЫ,ПРОЕКТЫ ПО ПОДДЕРЖКИ МСБ,Нет,4,Паспорт проекта Геоинформационный онлайн сервис,,"https://drive.google.com/open?id=1VEgodGZkTHbD-FYz7DcVcY32q_gezHCk, https://drive.google.com/open?id=18B87cxt5CGGRj1DzyKjqvc-r0WH4Dm3S",Галиев Б.С.,,,,,,,,,,,,,,,,,,,,,,,
7.12.2018 18:16:28,МОЛОДЕЖНОЕ КРЫЛО «ЖАС ОТАН»,,,,,,,,,,,,,,,,,,Проекты,«Сәтті қадам»,Нет,3,Сәтті қадам қазақша,«Сәтті қадам» - жобасы Ұлттық біріңғай тестілеу тапсыру барысында шекті деңгейді жинай алмаған немесе мүлдем қатыспаған мектеп түлектерін және ЖОО мен ТжКБ түлектері болып табылатын жетім балалардың әрі қарай оқуын жалғастыруға немесе жұмысқа орналастыруға ықпалдасуға бағытталған. ,,Куанышбекова Жансая ,,,,,,,
7.12.2018 18:19:59,МОЛОДЕЖНОЕ КРЫЛО «ЖАС ОТАН»,,,,,,,,,,,,,,,,,,Проекты,«Digital nation»,Нет,4,Digital nation казакша ,"""Digital Nation"" Жобасы 
Мемлекет басшысы атап өткен «Цифрлы Қазақстан» мемлекеттік бағдарламасын жүзеге асыру аясында, «Жас Отан» Жастар қанаты жастар арасында цифрлы технологияларды және олардың мүмкіндіктерін дамыту, жастардың  потенциалын цифрлық ортаға белсенді тарту мақсатында «Digital Nation» жастар жобасы әзірлеген болатын. ",,Куанышбекова Жансая ,,,,,,,
7.12.2018 18:20:10,ПАРТИЯ «НҰР ОТАН»,ПРОЕКТЫ ПАРТИИ,СТРАТЕГИЧЕСКИЕ ПРОЕКТЫ,ПРОЕКТЫ В РАМКАХ «РУХАНИ ЖАҢҒЫРУ»,Нет,5,Паспорт проекта Центр распространения знаний,,"https://drive.google.com/open?id=1kjs05SNAiBWA1ofto0pkdLE3hNyq3KZj, https://drive.google.com/open?id=1iGDQiu4r-Mvj6eQimuFKuGmcw0cYSGUE",Галиев Б.С.,,,,,,,,,,,,,,,,,,,,,,,
7.12.2018 18:21:48,МОЛОДЕЖНОЕ КРЫЛО «ЖАС ОТАН»,,,,,,,,,,,,,,,,,,Проекты,«J Library»,Нет,5,J-library казакша ,"
J-Library - бұл әрбір қазақстандық жасқа оқуға кеңес етілген үш тілдегі (қазақ, орыс, ағылшын) 10 000 кітаптан тұратын база. 

Жоба негізінен жастар арасында кітап оқу мәдениетін қалыптастыруға, жастар арасында кітапқа деген қызығушылықты арттыруға бағытталған.

Қосымшаны пайдаланушы, кітап оқуға ниетті жас ішкі сілтеме арқылы келесі серверге өтіп кітапты онлайн оқуға мүмкіндік алады.",,Куанышбекова Жансая ,,,,,,,
7.12.2018 18:21:50,ПАРТИЯ «НҰР ОТАН»,ПРОЕКТЫ ПАРТИИ,СТРАТЕГИЧЕСКИЕ ПРОЕКТЫ,ПРОЕКТЫ В РАМКАХ «РУХАНИ ЖАҢҒЫРУ»,Нет,1,Паспорт проекта Обучение английскому языку,,"https://drive.google.com/open?id=1o6n8IgMBJ_LHikYV1mxEvhV49ljx8vki, https://drive.google.com/open?id=1TndkqnTXs0mXIe16rGEar4KKAShJe3Sd",Галиев Б.С.,,,,,,,,,,,,,,,,,,,,,,,
7.12.2018 18:24:22,МОЛОДЕЖНОЕ КРЫЛО «ЖАС ОТАН»,,,,,,,,,,,,,,,,,,Проекты,«Nurintech»,Нет,6,Nurintech казакша ,"«NURINTECH» республикалық жастар инновациялық жобалар байқауы Елбасы, «Нұр Отан» партиясынын Төрағасы Нұрсұлтан Назарбаевтың бастамасымен жүзеге асырылуда. Байқау еліміздің ең үздік жобаларын халықаралық инновациялық байқауларына қатысуға көмек көрсетеді.

Байқаудың мақсаты – еліміздің экономикасының тұрақты дамуын қамтамасыз ететін үздік жобалар мен технологияларды анықтау және ғылыми – инновациялық қызметке қызықтыру арқылы жастардың шығармашылық қабілеттілігін арттыру.

Байқау еліміздің ең үздік жобаларын халықаралық инновациялық байқауларына қатысуға көмек көрсетеді. ",,Куанышбекова Жансая ,,,,,,,
7.12.2018 18:26:09,ПАРТИЯ «НҰР ОТАН»,ПРОЕКТЫ ПАРТИИ,СТРАТЕГИЧЕСКИЕ ПРОЕКТЫ,Нет,Нет,1,Паспорт проекта Активизация проекта ППО,,"https://drive.google.com/open?id=1mbQCUuQOIyvs-jylYJ2RBZ9Mf8CmEHRO, https://drive.google.com/open?id=1e8yArlWAp7X9bqPVpJgHptqoar0UZpRS",Галиев Б.С.,,,,,,,,,,,,,,,,,,,,,,,
7.12.2018 18:26:17,МОЛОДЕЖНОЕ КРЫЛО «ЖАС ОТАН»,,,,,,,,,,,,,,,,,,Проекты,«Бизнес-ментор»,Нет,7,Бизнес ментор казакша ,"«Бизнес - ментор» - бұл жас, кәсібін ашқан не ашқысы келетін жастарға арналған мобилді қосымша. Қосымшаға тіркелу арқылы кез-келген жас кәсіпкер, еліміздің табысты бизнесмендерінен - менторларынан араласып, кеңес сұрай алады. Жоба аясында жастарға өз тәжіриебесімен, білімімен бөлісу үшін қоғамдық лекцияларды өткізу жоспарланған.",,Куанышбекова Жансая ,,,,,,,
7.12.2018 18:27:56,ПАРТИЯ «НҰР ОТАН»,ПРОЕКТЫ ПАРТИИ,ПРОЕКТЫ ПО ТРАНСФОРМАЦИИ ДЕЯТЕЛЬНОСТИ ПАРТИИ,Нет,Нет,1,Паспорт проекта Лучшие социальные проекты ,,"https://drive.google.com/open?id=1em8nwVbMlTAiKhukHpQIoHVbKfWFbWwD, https://drive.google.com/open?id=1tXhnm7KPuyt79m0LOs_jAZa4K9du-xGu",Галиев Б.С.,,,,,,,,,,,,,,,,,,,,,,,
7.12.2018 18:28:25,МОЛОДЕЖНОЕ КРЫЛО «ЖАС ОТАН»,,,,,,,,,,,,,,,,,,Проекты,«Серпін жастары»,Нет,9,Серпін жастары қазақша,"«Серпін-жастары» - жобасы «Мәңгілік ел жастары – индустрияға» – бағдарламасы арқылы білім алған түлектерді еліміздің  еңбек ресурстарына сұраныс көп батыс, шығыс және солтүстік аймақтарда білім алуға жағдай жасап, кейін сол жерлерде жұмыспен қамту және әлеуметтік бейімдеуді жеңілдетуге және әлеуметтік мәселелерді шешуге бағытталған.",,Куанышбекова Жансая ,,,,,,,
7.12.2018 18:31:07,МОЛОДЕЖНОЕ КРЫЛО «ЖАС ОТАН»,,,,,,,,,,,,,,,,,,Проекты,«Жастар-ауылға!»,Нет,10,Жастар ауылға казакша ," Жастар ауылға жобасы жастарды кәсіпкерлік дағдыларға баулу, ауыл шаруашылығы саласында өз кәсіптерін ашуға және бизнес-жобаларын дұрыс жүргізуге ықпалдасуға бағытталған. ",,Куанышбекова Жансая ,,,,,,,
7.12.2018 18:31:42,МОЛОДЕЖНОЕ КРЫЛО «ЖАС ОТАН»,,,,,,,,,,,,,,,,,,Структура,Центральный совет,Нет,1,"Центральный совет МК ""Жас Отан""/ ""Жас Отан"" ЖҚ Орталық кеңесі ","Русс:
Руководящим органом «Жас Отана» является Центральный совет, который занимается реализацией молодёжной политики и руководства деятельностью филиалов молодёжного крыла в период между съездами. В состав Центрального совета входят представители областных, городов Астана и Алматы филиалов организации, активисты и лидеры других молодёжных организаций, избираемые на съезде на срок полномочий — четыре года. 

В 2018 году жасотановцы провели первые в своей истории онлайн-выборы членов Центрального совета. Если в прошлом в состав входили известные личности, деятели спорта и культуры, то с этого года совет был сформирован из активных ребят со всех уголков страны, которые одержали победу в результате онлайн голосования, где молодежь из регионов сама выбрала своего лидера. Центральный совет «Жас Отана» определяет основные направления деятельности организации, изучает и предлагает пути решения проблем, возникающих в молодежной среде, а также представляет интересы молодежи всех регионов в работе правящей партии страны. 

Каз:
«Жас Отан» ЖҚ Съездері арасында «Жас Отан» ЖҚ-ның басқарушы органы Орталық кеңес болып табылады. «Жас Отан» ЖҚ Төрағасы қажеттілік бойынша Орталық кеңесті кемінде жарты жылда бір рет шақырады.
«Жас Отан» ЖҚ Орталық кеңесінің өкілеттік мерзімі – 4 жыл.
Орталық кеңестің құрамына «Жас Отан» ЖҚ Съезінде сайланған «Жас Отан» ЖҚ филиалдарының өкілдері,  әртүрлі  әлеуметтік топтардың өкілдері, басқа да жастар ұйымдарының көшбасшылары мен белсенділері кіреді. 

2018 жылы жасотандықтар өз тарихында алғаш рет Орталық кеңес мүшелеріне онлайн сайлау өткізді. Егер бұрын кеңес құрамына белгілі тұлғалар, спорт және мәдениет қайраткерлері кірген болса, осы жылдан бастап Кеңеске онлайн дауыс беру нәтижесінде жеңіске жеткен әр аймақтың көшбасшылары кіреді. ""Жас Отан"" ЖҚ Орталық кеңесі ұйым қызметінің негізгі бағыттарын анықтайды, жастар арасында туындайтын мәселелерді шешу жолдарын қарастырып,  ұсыныстар жасайды, сондай-ақ елдің басқарушы партиясының жұмысында барлық өңір жастарының мүддесін қорғайды.

",https://drive.google.com/open?id=1c4HsZDZGS-t2aY4hEks2jntpCewfdFus,Меруерт Буркитбаева,,,,,,,
7.12.2018 18:33:09,РЕСПУБЛИКАНСКАЯ ОБЩЕСТВЕННАЯ ПРИЕМНАЯ,,,,,,,,,,,,,,,,,,,,,,,,,,Общественная приемная,Об Общественных приемных партии,1,Об общественных приемных партии,Текст с изображение в приложенном файле,https://drive.google.com/open?id=1TnWJ_4Z9wTnPrUp2U9fKUe2V1ZS6bAIh,Данияров Жанболат Болатович
7.12.2018 18:33:26,МОЛОДЕЖНОЕ КРЫЛО «ЖАС ОТАН»,,,,,,,,,,,,,,,,,,Структура,Секретариат,Нет,1,"Структура МК ""Жас Отан""","В 2018 году во все направления деятельности «Жас Отана» были внедрены новые инструменты работы. Кардинальным реформам подверглась сама структура центрального аппарата молодежного крыла. Вместо привычных департаментов и отделов все сотрудники были разделены на три направления: «Жүрек» («Сердце»), «Сана» («Сознание»), «Даму» («Развитие»).",,Меруерт Буркитбаева,,,,,,,
7.12.2018 18:39:43,МОЛОДЕЖНОЕ КРЫЛО «ЖАС ОТАН»,,,,,,,,,,,,,,,,,,Структура,Секретариат,Нет,1,Секретариат/ Хатшылық ,"Русс:
В 2018 году во все направления деятельности «Жас Отана» были внедрены новые инструменты работы. Кардинальным реформам подверглась сама структура центрального аппарата молодежного крыла. Вместо привычных департаментов и отделов все сотрудники были разделены на три направления: «Жүрек» («Сердце»), «Сана» («Сознание»), «Даму» («Развитие»).

каз:
2018 жылы ""Жас Отан"" қызметінің барлық бағыттарына жаңа жұмыс құралдары енгізілді. Жастар қанатының орталық аппаратының құрылымы түбегейлі реформаларға ұшырады. Үйреншікті департаменттер мен бөлімдердің орнына барлық қызметкерлер үш бағытқа бөлінді: ""Жүрек"" (""Жүрек""), ""Сана"" (""Сана""), ""Даму"" (""Даму"").",,Меруерт Буркитбаева,,,,,,,
7.12.2018 19:02:56,МОЛОДЕЖНОЕ КРЫЛО «ЖАС ОТАН»,,,,,,,,,,,,,,,,,,Структура,Секретариат,Жүрек (реализация проектов),1,"Направление ""Жүрек""/ ""Жүрек"" бағыты","Русс:
Направление ""Жүрек"" отвечает за реализацию молодежных проектов МК""Жас Отан""

Каз:
""Жүрек"" бағыты ""Жас Отан"" ЖҚ жастарға бағытталған жобаларының іске асуына жауапты.","https://drive.google.com/open?id=1w8EIeZs0qNb5mzfo5FF3GlyGyZsm49fu, https://drive.google.com/open?id=1WwgwN0WSrb7vHXESVLXOxOJnry3c7j2S",Меруерт Буркитбаева,,,,,,,
7.12.2018 19:15:03,МОЛОДЕЖНОЕ КРЫЛО «ЖАС ОТАН»,,,,,,,,,,,,,,,,,,Структура,Секретариат,"Сана (идеологическая и имиджевая работа, СМИ)",1,"Направление ""Сана""/ ""Сана"" бағыты ","Русс:
Направление ""Сана"" отвечает за проведение идеологической работы, работы со СМИ, проведение имиджевых и политических акций, также ведение работы в социальных сетях.

Каз:
""Сана"" бағыты идеологиялық, БАҚ өкілдерімен және әлеуметтік желідегі жұмысқа жауапты. Сондай-ақ, имидждік және саяси науқандар ұйымдастырады.      ","https://drive.google.com/open?id=1mjFDiscT4MGJnIIUewHpZxqJDPckO8YA, https://drive.google.com/open?id=1PmbrlgEODB0VeUnZFMaDW1HiVXiHlfP_",Меруерт Буркитбаева ,,,,,,,
7.12.2018 19:21:50,МОЛОДЕЖНОЕ КРЫЛО «ЖАС ОТАН»,,,,,,,,,,,,,,,,,,Структура,Секретариат,"Даму (работа с членами организации, координация работы регионов, международное сотрудничество)",1,"Направление ""Даму""/ ""Даму"" бағыты","Русс:
Направление ""Даму"" ведет систематическую работу с членами МК ""Жас Отан"", региональными филиалами и по развитию сотрудничества с зарубежными молодежными организациями.   
Каз:
""Даму"" бағыты ""Жас Отан"" ЖҚ мүшелерімен, аймақтық филиалдармен және халықаралық жастар ұйымдарымен байланыс орнату бойынша жұмыс атқарады. ","https://drive.google.com/open?id=12Ve73nZp3ArDnZQuYuK4MZkzheCqiw25, https://drive.google.com/open?id=1lgPYdHJjaR9RHZYRY6kx30VtXXdxXtw9",Меруерт Буркитбаева ,,,,,,,
7.12.2018 19:27:30,РЕСПУБЛИКАНСКАЯ ОБЩЕСТВЕННАЯ ПРИЕМНАЯ,,,,,,,,,,,,,,,,,,,,,,,,,,Общественная приемная,Нормативные документы,2,Нормативные документы ,Скан Регламента и Инструкции работы прилагаю ,"https://drive.google.com/open?id=13i3MeSF3OiZx8bt3JLf59exlKzDcnKZE, https://drive.google.com/open?id=1B_s6-iRg8fmAn2nM1LJTFPSkjzPW5ZQU",Данияров Жанболат Болатович 
7.12.2018 19:33:01,МОЛОДЕЖНОЕ КРЫЛО «ЖАС ОТАН»,,,,,,,,,,,,,,,,,,Структура,Региональные филиалы,Нет,1,Региональные филиалы/ Аймақтық филиалдар,"Рус:
Организация имеет филиалы во всех областях страны, городах Астана, Алматы и Шымкент, а также отделения на районном и городском уровне: региональные филиалы - 17, городские отделения - 37, районные отделения - 171, отделения на предприятиях - 230, отделения в ВУЗах - 96. На сегодняшний день членами молодежного крыла является свыше 164 тысяч молодых людей в возрасте с 14 до 29 лет.

Каз:
Ұйымның еліміздің барлық облыстарында, Астана, Алматы және Шымкент қалаларында филиалдары, сондай - ақ аудандық және қалалық деңгейдегі бөлімшелері бар: өңірлік филиалдар - 17, қалалық бөлімшелер - 37, аудандық бөлімшелер - 171, кәсіпорындардағы бөлімшелер - 230, ЖОО-дағы бөлімшелер-96. Жастар қанатының 14-29 жас аралығында 164 мыңнан астам мүшесі бар.",https://drive.google.com/open?id=18aKt04gZBn5G-EmRoxcsByQDTWWmsVS2,Меруерт Буркитбаева,,,,,,,
7.12.2018 19:44:20,МОЛОДЕЖНОЕ КРЫЛО «ЖАС ОТАН»,,,,,,,,,,,,,,,,,,Структура,Региональные филиалы,Нет,2,Председатели региональных филиалов/ Аймақтық филиалдардың төрағалары,,https://drive.google.com/open?id=1o39ANov20j3Xod2m-DGaKAcTE29iNInk,Меруерт Буркитбаева,,,,,,,
7.12.2018 20:53:11,РЕСПУБЛИКАНСКАЯ ОБЩЕСТВЕННАЯ ПРИЕМНАЯ,,,,,,,,,,,,,,,,,,,,,,,,,,Общественная приемная,Контакты общественных приемных,3,Контакты общественных приемных при РФП,"2 файла, справочник РФП и справочник ТФП","https://drive.google.com/open?id=1oRdSHB1rbmxJnluBxhAtwlIfz-rXvF2D, https://drive.google.com/open?id=13toVKrQs1VXfSTGcSV00IUMxU_T5e2lw",Данияров Жанболат Болатович
